DataSet,Algorithm,FeatureCount,BuildTime,TestTime,NUsers,NAttempted,NGood,Coverage,RMSE.ByUser,RMSE.ByRating,Predict.nDCG,MAE.ByUser,MAE.ByRating,TopN.nDCG,MAP,MRR
null,BiasScorer,,0.261,18.244,999,52552,52552,1.0,0.8802037228552704,0.9075147526084443,0.943532432406667,0.7082778520679542,0.6908385129553101,0.0,0.0,0.0
null,SVDPersMean,30,1.114,71.20400000000001,999,52552,52552,1.0,0.6667368580904893,0.702644831791284,0.9798084053444434,0.5328233420611875,0.5338454090686559,0.0,0.0,0.0
null,SVDPersMean,100,3.323,101.498,999,52552,52552,1.0,0.5831513779065454,0.6204784135301633,0.9874885876120705,0.4657058344064745,0.471088336399118,0.0,0.0,0.0
null,ItemItem,,110.11,10593.445,999,52552,52552,1.0,0.8629506493144449,0.8648500032676801,0.9357070811748865,0.6817947695574529,0.6493257033880365,0.0,0.0,0.0
