Partition,Algorithm,BuildTime,TestTime,NUsers,NAttempted,NGood,Coverage,RMSE.ByUser,RMSE.ByRating,Predict.nDCG,TopN.nDCG,MAP,MRR
3,Popular,0.523,0.327,,,,,,,,0.07641714451275587,0.15000000000000002,0.12222222222222223
5,Popular,0.523,0.322,,,,,,,,0.04243983333131602,0.0685185185185185,0.0685185185185185
4,Popular,0.524,0.335,,,,,,,,0.058978011483540774,0.12222222222222223,0.12037037037037036
1,Popular,0.554,0.34400000000000003,,,,,,,,0.08436304678667565,0.0994047619047619,0.0807017543859649
2,Popular,0.053,0.11900000000000001,,,,,,,,0.05620795302457602,0.0922514619883041,0.09093567251461987
