Partition,Algorithm,BuildTime,TestTime,NUsers,NAttempted,NGood,Coverage,RMSE.ByUser,RMSE.ByRating,Predict.nDCG,TopN.nDCG,MAP,MRR
3,Popular,1.201,29.323,,,,,,,,0.0660054152624758,0.11217452579004382,0.12000672852184993
5,Popular,1.188,29.36,,,,,,,,0.06367447925815269,0.10903804615982185,0.1158850229906777
4,Popular,1.168,29.43,,,,,,,,0.06328238026142781,0.10997412564562846,0.11779474521289987
1,Popular,1.603,29.531000000000002,,,,,,,,0.06308135587324669,0.11007551880444778,0.117282857615034
2,Popular,0.397,9.857,,,,,,,,0.06184996129516204,0.10874648818377125,0.11542031620117885
