Partition,Algorithm,BuildTime,TestTime,NUsers,NAttempted,NGood,Coverage,RMSE.ByUser,RMSE.ByRating,Predict.nDCG,TopN.nDCG,MAP,MRR
4,Popular,0.398,0.247,,,,,,,,0.065968979475261,0.0989858906525573,0.10670194003527336
5,Popular,0.375,0.241,,,,,,,,0.087846666753643,0.14109347442680775,0.14814814814814814
3,Popular,0.352,0.23600000000000002,,,,,,,,0.11465888746001743,0.1812389770723104,0.19537037037037036
1,Popular,0.397,0.263,,,,,,,,0.1105684421310619,0.26393065998329157,0.28157894736842104
2,Popular,0.029,0.084,,,,,,,,0.10778244579344372,0.17923976608187134,0.2172514619883041
